Aisha,AishaSR,PassWe$d,aisharobinson@cmail.carleton.ca,2
Mitali,Mitali91,Hellower!d,mitalipatel@cmail.carleton.ca,1
Ramya ,RamyaMB,S3cur3d,ramyabodapati@cmail.carleton.ca,0
"wert","wert","wer","wer@.","0"
"asd","asd","asdd","asd@.","0"
"asd","asd","asd","asd@.","0"
"asd","asd","asd","asd@.","0"
"asdf","asdf","aass","asd@.","0"
"wer","sdf","1234","qwe@rt.com","0"
"Test","TestUser","pass","Test@user.com","0"
